{"cameraMode":{"drawMode":0,"name":"Shaded","section":"Shading Mode"},"sceneLighting":true,"audioPlay":false,"sceneViewState":{"showFog":true,"showMaterialUpdate":false,"showSkybox":true,"showFlares":true,"showImageEffects":true,"showParticleSystems":true},"in2DMode":false,"pivot":{"x":4.1587090492248539,"y":4.2179036140441898,"z":-0.9333467483520508},"rotation":{"x":0.22271230816841126,"y":0.028362127020955087,"z":0.006480061449110508,"w":-0.9744563102722168},"size":11.004950523376465,"orthographic":false}