{"cameraMode":{"drawMode":0,"name":"Shaded","section":"Shading Mode"},"sceneLighting":true,"audioPlay":false,"sceneViewState":{"showFog":true,"showMaterialUpdate":false,"showSkybox":true,"showFlares":true,"showImageEffects":true,"showParticleSystems":true},"in2DMode":false,"pivot":{"x":2.6415765285491945,"y":16.504878997802736,"z":6.946939945220947},"rotation":{"x":0.5240666270256043,"y":0.013282904401421547,"z":0.008174053393304348,"w":-0.8515402674674988},"size":18.73534393310547,"orthographic":false}