{"cameraMode":{"drawMode":0,"name":"Shaded","section":"Shading Mode"},"sceneLighting":true,"audioPlay":false,"sceneViewState":{"showFog":true,"showMaterialUpdate":false,"showSkybox":true,"showFlares":true,"showImageEffects":true,"showParticleSystems":true},"in2DMode":false,"pivot":{"x":1.9679985046386719,"y":1.6727142333984376,"z":-9.83984375},"rotation":{"x":-0.013499514199793339,"y":-0.002999721560627222,"z":-0.000040498409362044185,"w":0.9999042749404907},"size":3.9341278076171877,"orthographic":true}